epoch,train_loss,train_acc,test_acc,test_loss,f1_score,balanced_acc,batch_size,learning_rate,combo_key
1,0.40332237472788235,80.71032108480293,83.12412177985948,0.3490387740862162,84.55552342592122,86.90008215936518,16,0.0001,BS16_LR0.0001
2,0.6223390975693978,73.5497318438371,3.899297423887588,1.1206896063896457,2.5019722754423532,33.33333333333333,16,0.0001,BS16_LR0.0001
3,1.1170868329700319,46.13339890863955,44.58782201405152,1.0866518237475555,20.55858803457566,33.33333333333333,16,0.0001,BS16_LR0.0001
4,1.113943569984034,46.82838005573901,51.51288056206089,1.1047904172520728,22.666007172004452,33.33333333333333,16,0.0001,BS16_LR0.0001
