epoch,train_loss,train_acc,test_acc,test_loss,f1_score,balanced_acc,batch_size,learning_rate,combo_key
1,0.40244082087978056,80.73315534321647,84.78454332552693,0.29349551130394647,85.86428469699398,88.90107990545167,16,5e-05,BS16_LR5e-05
2,0.28735849962772614,86.24148106513033,85.7400468384075,0.28393191276987023,86.30672302711027,89.27930165090059,16,5e-05,BS16_LR5e-05
3,0.2246842074221048,90.4166373919764,85.92271662763467,0.3368603902067759,87.18116016702076,88.68754520054819,16,5e-05,BS16_LR5e-05
4,0.18175660572894817,93.35054685121432,85.94847775175644,0.5030492470900149,87.34657157160841,87.44230728811092,16,5e-05,BS16_LR5e-05
5,0.1558766301120555,94.97295018618703,85.92037470725995,0.5973977538094563,86.97954019624828,86.41980981236462,16,5e-05,BS16_LR5e-05
6,0.13447289989326058,96.12578748916836,85.55737704918033,0.5631904261866368,87.00216655302876,87.45969854689582,16,5e-05,BS16_LR5e-05
7,0.11899463797605922,96.89278437434132,85.76814988290397,0.6211309737097381,87.23737165810832,87.72069237966228,16,5e-05,BS16_LR5e-05
